"route_id,service_id,trip_id,shape_id,direction_id"
"B1_1,B1_DAILY,B1_trip_1,B1_shape_1,"
"B1_3,B1_DAILY,B1_trip_3,B1_shape_3,"
"B1_4,B1_DAILY,B1_trip_4,B1_shape_4,"
"B1_5,B1_DAILY,B1_trip_5,B1_shape_5,"
"B1_7,B1_DAILY,B1_trip_7,B1_shape_7,"
"B1_8,B1_DAILY,B1_trip_8,B1_shape_8,"
"B1_9,B1_DAILY,B1_trip_9,B1_shape_9,"
"B1_10,B1_DAILY,B1_trip_10,B1_shape_10,"
"B1_11,B1_DAILY,B1_trip_11,B1_shape_11,"
"B1_12,B1_DAILY,B1_trip_12,B1_shape_12,"
"B1_13,B1_DAILY,B1_trip_13,B1_shape_13,"
"B1_14,B1_DAILY,B1_trip_14,B1_shape_14,"
"B1_17,B1_DAILY,B1_trip_17,B1_shape_17,"
"B1_18,B1_DAILY,B1_trip_18,B1_shape_18,"
"B1_23,B1_DAILY,B1_trip_23,B1_shape_23,"
"B1_25,B1_DAILY,B1_trip_25,B1_shape_25,"
"B1_26,B1_DAILY,B1_trip_26,B1_shape_26,"
"B1_28,B1_DAILY,B1_trip_28,B1_shape_28,"
"B1_29,B1_DAILY,B1_trip_29,B1_shape_29,"
"B1_30,B1_DAILY,B1_trip_30,B1_shape_30,"
"B1_35,B1_DAILY,B1_trip_35,B1_shape_35,"
"B1_37,B1_DAILY,B1_trip_37,B1_shape_37,"
"B1_40,B1_DAILY,B1_trip_40,B1_shape_40,"
"B1_43,B1_DAILY,B1_trip_43,B1_shape_43,"
"B1_44,B1_DAILY,B1_trip_44,B1_shape_44,"
"B1_45,B1_DAILY,B1_trip_45,B1_shape_45,"
"B1_46,B1_DAILY,B1_trip_46,B1_shape_46,"
"B1_47,B1_DAILY,B1_trip_47,B1_shape_47,"
"B1_48,B1_DAILY,B1_trip_48,B1_shape_48,"
"B1_49,B1_DAILY,B1_trip_49,B1_shape_49,"
"B1_50,B1_DAILY,B1_trip_50,B1_shape_50,"
"B1_51,B1_DAILY,B1_trip_51,B1_shape_51,"
"B1_52,B1_DAILY,B1_trip_52,B1_shape_52,"
"B1_53,B1_DAILY,B1_trip_53,B1_shape_53,"
"B1_56,B1_DAILY,B1_trip_56,B1_shape_56,"
"B1_57,B1_DAILY,B1_trip_57,B1_shape_57,"
"B1_58,B1_DAILY,B1_trip_58,B1_shape_58,"
"B1_60,B1_DAILY,B1_trip_60,B1_shape_60,"
"B1_62,B1_DAILY,B1_trip_62,B1_shape_62,"
"B1_64,B1_DAILY,B1_trip_64,B1_shape_64,"
"B1_66,B1_DAILY,B1_trip_66,B1_shape_66,"
"B1_69,B1_DAILY,B1_trip_69,B1_shape_69,"
"B1_72,B1_DAILY,B1_trip_72,B1_shape_72,"
"B1_74,B1_DAILY,B1_trip_74,B1_shape_74,"
"B1_76,B1_DAILY,B1_trip_76,B1_shape_76,"
"B1_78,B1_DAILY,B1_trip_78,B1_shape_78,"
"B1_79,B1_DAILY,B1_trip_79,B1_shape_79,"
"B1_80,B1_DAILY,B1_trip_80,B1_shape_80,"
"B1_81,B1_DAILY,B1_trip_81,B1_shape_81,"
"B1_82,B1_DAILY,B1_trip_82,B1_shape_82,"
"B1_83,B1_DAILY,B1_trip_83,B1_shape_83,"
"B1_84,B1_DAILY,B1_trip_84,B1_shape_84,"
"B1_85,B1_DAILY,B1_trip_85,B1_shape_85,"
"B1_87,B1_DAILY,B1_trip_87,B1_shape_87,"
"B1_88,B1_DAILY,B1_trip_88,B1_shape_88,"
"B1_89,B1_DAILY,B1_trip_89,B1_shape_89,"
"B1_90,B1_DAILY,B1_trip_90,B1_shape_90,"
"B1_101,B1_DAILY,B1_trip_101,B1_shape_101,"
"B1_102,B1_DAILY,B1_trip_102,B1_shape_102,"
"B1_104,B1_DAILY,B1_trip_104,B1_shape_104,"
"B1_106,B1_DAILY,B1_trip_106,B1_shape_106,"
"B1_107,B1_DAILY,B1_trip_107,B1_shape_107,"
"B1_112,B1_DAILY,B1_trip_112,B1_shape_112,"
"B1_113,B1_DAILY,B1_trip_113,B1_shape_113,"
"B1_115,B1_DAILY,B1_trip_115,B1_shape_115,"
"B1_119,B1_DAILY,B1_trip_119,B1_shape_119,"
"B1_120,B1_DAILY,B1_trip_120,B1_shape_120,"
"B1_121,B1_DAILY,B1_trip_121,B1_shape_121,"
"B1_125,B1_DAILY,B1_trip_125,B1_shape_125,"
"B1_126,B1_DAILY,B1_trip_126,B1_shape_126,"
"B1_127,B1_DAILY,B1_trip_127,B1_shape_127,"
"B1_129,B1_DAILY,B1_trip_129,B1_shape_129,"
"B1_131,B1_DAILY,B1_trip_131,B1_shape_131,"
"B1_132,B1_DAILY,B1_trip_132,B1_shape_132,"
"B1_133,B1_DAILY,B1_trip_133,B1_shape_133,"
"B1_134,B1_DAILY,B1_trip_134,B1_shape_134,"
"B1_135,B1_DAILY,B1_trip_135,B1_shape_135,"
"B1_136,B1_DAILY,B1_trip_136,B1_shape_136,"
"B1_137,B1_DAILY,B1_trip_137,B1_shape_137,"
"B1_138,B1_DAILY,B1_trip_138,B1_shape_138,"
"B1_139,B1_DAILY,B1_trip_139,B1_shape_139,"
"B1_140,B1_DAILY,B1_trip_140,B1_shape_140,"
"B1_145,B1_DAILY,B1_trip_145,B1_shape_145,"
"B1_146,B1_DAILY,B1_trip_146,B1_shape_146,"
"B1_148,B1_DAILY,B1_trip_148,B1_shape_148,"
"B1_149,B1_DAILY,B1_trip_149,B1_shape_149,"
"B1_150,B1_DAILY,B1_trip_150,B1_shape_150,"
"B1_151,B1_DAILY,B1_trip_151,B1_shape_151,"
"B1_153,B1_DAILY,B1_trip_153,B1_shape_153,"
"B1_159,B1_DAILY,B1_trip_159,B1_shape_159,"
"B1_162,B1_DAILY,B1_trip_162,B1_shape_162,"
"B1_165,B1_DAILY,B1_trip_165,B1_shape_165,"
"B1_167,B1_DAILY,B1_trip_167,B1_shape_167,"
"B1_202,B1_DAILY,B1_trip_202,B1_shape_202,"
"B1_203,B1_DAILY,B1_trip_203,B1_shape_203,"
"B1_210,B1_DAILY,B1_trip_210,B1_shape_210,"
"B1_211,B1_DAILY,B1_trip_211,B1_shape_211,"
"B1_212,B1_DAILY,B1_trip_212,B1_shape_212,"
"B1_219,B1_DAILY,B1_trip_219,B1_shape_219,"
"B1_220,B1_DAILY,B1_trip_220,B1_shape_220,"
"B1_222,B1_DAILY,B1_trip_222,B1_shape_222,"
"B1_223,B1_DAILY,B1_trip_223,B1_shape_223,"
"B1_225,B1_DAILY,B1_trip_225,B1_shape_225,"
"B1_226,B1_DAILY,B1_trip_226,B1_shape_226,"
"B1_255,B1_DAILY,B1_trip_255,B1_shape_255,"
"B1_259,B1_DAILY,B1_trip_259,B1_shape_259,"
"B1_265,B1_DAILY,B1_trip_265,B1_shape_265,"
"B1_300,B1_DAILY,B1_trip_300,B1_shape_300,"
"B1_302,B1_DAILY,B1_trip_302,B1_shape_302,"
"B1_303,B1_DAILY,B1_trip_303,B1_shape_303,"
"B1_304,B1_DAILY,B1_trip_304,B1_shape_304,"
"B1_305,B1_DAILY,B1_trip_305,B1_shape_305,"
"B1_307,B1_DAILY,B1_trip_307,B1_shape_307,"
"B1_308,B1_DAILY,B1_trip_308,B1_shape_308,"
"B1_309,B1_DAILY,B1_trip_309,B1_shape_309,"
"B1_310,B1_DAILY,B1_trip_310,B1_shape_310,"
"B1_311,B1_DAILY,B1_trip_311,B1_shape_311,"
"B1_314,B1_DAILY,B1_trip_314,B1_shape_314,"
"B1_329,B1_DAILY,B1_trip_329,B1_shape_329,"
"B1_333,B1_DAILY,B1_trip_333,B1_shape_333,"
"B1_355,B1_DAILY,B1_trip_355,B1_shape_355,"
"B1_380,B1_DAILY,B1_trip_380,B1_shape_380,"
"B1_381,B1_DAILY,B1_trip_381,B1_shape_381,"
"B1_404,B1_DAILY,B1_trip_404,B1_shape_404,"
"B1_421,B1_DAILY,B1_trip_421,B1_shape_421,"
"B1_424,B1_DAILY,B1_trip_424,B1_shape_424,"
"B1_505,B1_DAILY,B1_trip_505,B1_shape_505,"
"B1_555,B1_DAILY,B1_trip_555,B1_shape_555,"
"B1_606,B1_DAILY,B1_trip_606,B1_shape_606,"
"B1_616,B1_DAILY,B1_trip_616,B1_shape_616,"
"B1_700,B1_DAILY,B1_trip_700,B1_shape_700,"
"B1_701,B1_DAILY,B1_trip_701,B1_shape_701,"
"B1_702,B1_DAILY,B1_trip_702,B1_shape_702,"
"B1_705,B1_DAILY,B1_trip_705,B1_shape_705,"
"B1_706,B1_DAILY,B1_trip_706,B1_shape_706,"
"B1_707,B1_DAILY,B1_trip_707,B1_shape_707,"
"B1_755,B1_DAILY,B1_trip_755,B1_shape_755,"
"B1_777,B1_DAILY,B1_trip_777,B1_shape_777,"
"B1_2001,B1_DAILY,B1_trip_2001,B1_shape_2001,"
"B1_2002,B1_DAILY,B1_trip_2002,B1_shape_2002,"
"B1_2003,B1_DAILY,B1_trip_2003,B1_shape_2003,"
"B1_G1,B1_DAILY,B1_trip_G1,B1_shape_G1,"
"B1_G2,B1_DAILY,B1_trip_G2,B1_shape_G2,"
"B1_M 5,B1_DAILY,B1_trip_M 5,B1_shape_M 5,"
"B1_M 7,B1_DAILY,B1_trip_M 7,B1_shape_M 7,"
"B1_M 10,B1_DAILY,B1_trip_M 10,B1_shape_M 10,"
"M_R1,M_DAILY,M_TR1_F,M_SR1_F,M_0"
"M_R1,M_DAILY,M_TR1_B,M_SR1_B,M_1"
"M_R2,M_DAILY,M_TR2_F,M_SR2_F,M_0"
"M_R2,M_DAILY,M_TR2_B,M_SR2_B,M_1"
"M_R3,M_DAILY,M_TR3_F,M_SR3_F,M_0"
"M_R3,M_DAILY,M_TR3_B,M_SR3_B,M_1"
"M_R4,M_DAILY,M_TR4_F,M_SR4_F,M_0"
"M_R4,M_DAILY,M_TR4_B,M_SR4_B,M_1"
"MB_1,MB_DAILY,MB_trip_1,MB_shape_1,"
"MB_2,MB_DAILY,MB_trip_2,MB_shape_2,"
"MB_3,MB_DAILY,MB_trip_3,MB_shape_3,"
"MB_4,MB_DAILY,MB_trip_4,MB_shape_4,"
"MB_5,MB_DAILY,MB_trip_5,MB_shape_5,"
"MB_6,MB_DAILY,MB_trip_6,MB_shape_6,"
"MB_7,MB_DAILY,MB_trip_7,MB_shape_7,"
"MB_8,MB_DAILY,MB_trip_8,MB_shape_8,"
"MB_9,MB_DAILY,MB_trip_9,MB_shape_9,"
"MB_10,MB_DAILY,MB_trip_10,MB_shape_10,"
"MB_11,MB_DAILY,MB_trip_11,MB_shape_11,"
"MB_12,MB_DAILY,MB_trip_12,MB_shape_12,"
"MB_13,MB_DAILY,MB_trip_13,MB_shape_13,"
"MB_14,MB_DAILY,MB_trip_14,MB_shape_14,"
"MB_15,MB_DAILY,MB_trip_15,MB_shape_15,"
"MB_16,MB_DAILY,MB_trip_16,MB_shape_16,"
"MB_17,MB_DAILY,MB_trip_17,MB_shape_17,"
"MB_18,MB_DAILY,MB_trip_18,MB_shape_18,"
"MB_19,MB_DAILY,MB_trip_19,MB_shape_19,"
"MB_20,MB_DAILY,MB_trip_20,MB_shape_20,"
"MB_21,MB_DAILY,MB_trip_21,MB_shape_21,"
"MB_22,MB_DAILY,MB_trip_22,MB_shape_22,"
"MB_23,MB_DAILY,MB_trip_23,MB_shape_23,"
"MB_24,MB_DAILY,MB_trip_24,MB_shape_24,"
"MB_25,MB_DAILY,MB_trip_25,MB_shape_25,"
"MB_26,MB_DAILY,MB_trip_26,MB_shape_26,"
"MB_27,MB_DAILY,MB_trip_27,MB_shape_27,"
"MB_28,MB_DAILY,MB_trip_28,MB_shape_28,"
"MB_29,MB_DAILY,MB_trip_29,MB_shape_29,"
"MB_30,MB_DAILY,MB_trip_30,MB_shape_30,"
"MB_31,MB_DAILY,MB_trip_31,MB_shape_31,"
"MB_32,MB_DAILY,MB_trip_32,MB_shape_32,"
"MB_33,MB_DAILY,MB_trip_33,MB_shape_33,"
"MB_34,MB_DAILY,MB_trip_34,MB_shape_34,"
"MB_35,MB_DAILY,MB_trip_35,MB_shape_35,"
"MB_36,MB_DAILY,MB_trip_36,MB_shape_36,"
"MB_37,MB_DAILY,MB_trip_37,MB_shape_37,"
"MB_38,MB_DAILY,MB_trip_38,MB_shape_38,"
"MB_39,MB_DAILY,MB_trip_39,MB_shape_39,"
"MB_40,MB_DAILY,MB_trip_40,MB_shape_40,"
"MB_41,MB_DAILY,MB_trip_41,MB_shape_41,"
"MB_42,MB_DAILY,MB_trip_42,MB_shape_42,"
"MB_43,MB_DAILY,MB_trip_43,MB_shape_43,"
"MB_44,MB_DAILY,MB_trip_44,MB_shape_44,"
"MB_45,MB_DAILY,MB_trip_45,MB_shape_45,"
"MB_46,MB_DAILY,MB_trip_46,MB_shape_46,"
"MB_47,MB_DAILY,MB_trip_47,MB_shape_47,"
"MB_48,MB_DAILY,MB_trip_48,MB_shape_48,"
"MB_49,MB_DAILY,MB_trip_49,MB_shape_49,"
"MB_50,MB_DAILY,MB_trip_50,MB_shape_50,"
"MB_51,MB_DAILY,MB_trip_51,MB_shape_51,"
"MB_52,MB_DAILY,MB_trip_52,MB_shape_52,"
"MB_53,MB_DAILY,MB_trip_53,MB_shape_53,"
"MB_54,MB_DAILY,MB_trip_54,MB_shape_54,"
"MB_55,MB_DAILY,MB_trip_55,MB_shape_55,"
"MB_56,MB_DAILY,MB_trip_56,MB_shape_56,"
"MB_57,MB_DAILY,MB_trip_57,MB_shape_57,"
"MB_58,MB_DAILY,MB_trip_58,MB_shape_58,"
"MB_59,MB_DAILY,MB_trip_59,MB_shape_59,"
"MB_60,MB_DAILY,MB_trip_60,MB_shape_60,"
"MB_61,MB_DAILY,MB_trip_61,MB_shape_61,"
"MB_62,MB_DAILY,MB_trip_62,MB_shape_62,"
"MB_63,MB_DAILY,MB_trip_63,MB_shape_63,"
"MB_64,MB_DAILY,MB_trip_64,MB_shape_64,"
"MB_65,MB_DAILY,MB_trip_65,MB_shape_65,"
"MB_66,MB_DAILY,MB_trip_66,MB_shape_66,"
"MB_67,MB_DAILY,MB_trip_67,MB_shape_67,"
"MB_68,MB_DAILY,MB_trip_68,MB_shape_68,"
"MB_69,MB_DAILY,MB_trip_69,MB_shape_69,"
"MB_70,MB_DAILY,MB_trip_70,MB_shape_70,"
"MB_71,MB_DAILY,MB_trip_71,MB_shape_71,"
"MB_72,MB_DAILY,MB_trip_72,MB_shape_72,"
"MB_73,MB_DAILY,MB_trip_73,MB_shape_73,"
"MB_74,MB_DAILY,MB_trip_74,MB_shape_74,"
"MB_75,MB_DAILY,MB_trip_75,MB_shape_75,"
"MB_76,MB_DAILY,MB_trip_76,MB_shape_76,"
"MB_77,MB_DAILY,MB_trip_77,MB_shape_77,"
"MB_78,MB_DAILY,MB_trip_78,MB_shape_78,"
"MB_79,MB_DAILY,MB_trip_79,MB_shape_79,"
"MB_80,MB_DAILY,MB_trip_80,MB_shape_80,"
"MB_81,MB_DAILY,MB_trip_81,MB_shape_81,"
"MB_82,MB_DAILY,MB_trip_82,MB_shape_82,"
"MB_83,MB_DAILY,MB_trip_83,MB_shape_83,"
"MB_84,MB_DAILY,MB_trip_84,MB_shape_84,"
"MB_85,MB_DAILY,MB_trip_85,MB_shape_85,"
"MB_86,MB_DAILY,MB_trip_86,MB_shape_86,"
"MB_87,MB_DAILY,MB_trip_87,MB_shape_87,"
"MB_88,MB_DAILY,MB_trip_88,MB_shape_88,"
"MB_89,MB_DAILY,MB_trip_89,MB_shape_89,"
"MB_90,MB_DAILY,MB_trip_90,MB_shape_90,"
"MB_91,MB_DAILY,MB_trip_91,MB_shape_91,"
"MB_92,MB_DAILY,MB_trip_92,MB_shape_92,"
"MB_93,MB_DAILY,MB_trip_93,MB_shape_93,"
"MB_94,MB_DAILY,MB_trip_94,MB_shape_94,"
"MB_95,MB_DAILY,MB_trip_95,MB_shape_95,"
"MB_96,MB_DAILY,MB_trip_96,MB_shape_96,"
"MB_97,MB_DAILY,MB_trip_97,MB_shape_97,"
"MB_98,MB_DAILY,MB_trip_98,MB_shape_98,"
"MB_99,MB_DAILY,MB_trip_99,MB_shape_99,"
"MB_100,MB_DAILY,MB_trip_100,MB_shape_100,"
"MB_101,MB_DAILY,MB_trip_101,MB_shape_101,"
"MB_102,MB_DAILY,MB_trip_102,MB_shape_102,"
"MB_103,MB_DAILY,MB_trip_103,MB_shape_103,"
"MB_104,MB_DAILY,MB_trip_104,MB_shape_104,"
"MB_105,MB_DAILY,MB_trip_105,MB_shape_105,"
"MB_106,MB_DAILY,MB_trip_106,MB_shape_106,"
"MB_107,MB_DAILY,MB_trip_107,MB_shape_107,"
"MB_108,MB_DAILY,MB_trip_108,MB_shape_108,"
"MB_109,MB_DAILY,MB_trip_109,MB_shape_109,"
"MB_110,MB_DAILY,MB_trip_110,MB_shape_110,"
"MB_111,MB_DAILY,MB_trip_111,MB_shape_111,"
"MB_112,MB_DAILY,MB_trip_112,MB_shape_112,"
"MB_113,MB_DAILY,MB_trip_113,MB_shape_113,"
"MB_114,MB_DAILY,MB_trip_114,MB_shape_114,"
"MB_115,MB_DAILY,MB_trip_115,MB_shape_115,"
"MB_116,MB_DAILY,MB_trip_116,MB_shape_116,"
"MB_117,MB_DAILY,MB_trip_117,MB_shape_117,"
"MB_118,MB_DAILY,MB_trip_118,MB_shape_118,"
"MB_119,MB_DAILY,MB_trip_119,MB_shape_119,"
"MB_120,MB_DAILY,MB_trip_120,MB_shape_120,"
"MB_121,MB_DAILY,MB_trip_121,MB_shape_121,"
"MB_122,MB_DAILY,MB_trip_122,MB_shape_122,"
"MB_123,MB_DAILY,MB_trip_123,MB_shape_123,"
"MB_124,MB_DAILY,MB_trip_124,MB_shape_124,"
"MB_125,MB_DAILY,MB_trip_125,MB_shape_125,"
"MB_126,MB_DAILY,MB_trip_126,MB_shape_126,"
"MB_127,MB_DAILY,MB_trip_127,MB_shape_127,"
"MB_128,MB_DAILY,MB_trip_128,MB_shape_128,"
"MB_129,MB_DAILY,MB_trip_129,MB_shape_129,"
"MB_130,MB_DAILY,MB_trip_130,MB_shape_130,"
"MB_131,MB_DAILY,MB_trip_131,MB_shape_131,"
"MB_132,MB_DAILY,MB_trip_132,MB_shape_132,"
"MB_133,MB_DAILY,MB_trip_133,MB_shape_133,"
"MB_134,MB_DAILY,MB_trip_134,MB_shape_134,"
"MB_135,MB_DAILY,MB_trip_135,MB_shape_135,"
"MB_136,MB_DAILY,MB_trip_136,MB_shape_136,"
"MB_137,MB_DAILY,MB_trip_137,MB_shape_137,"
"MB_138,MB_DAILY,MB_trip_138,MB_shape_138,"
"MB_139,MB_DAILY,MB_trip_139,MB_shape_139,"
"MB_140,MB_DAILY,MB_trip_140,MB_shape_140,"
"MB_141,MB_DAILY,MB_trip_141,MB_shape_141,"
"MB_142,MB_DAILY,MB_trip_142,MB_shape_142,"
"MB_143,MB_DAILY,MB_trip_143,MB_shape_143,"
"MB_144,MB_DAILY,MB_trip_144,MB_shape_144,"
"MB_145,MB_DAILY,MB_trip_145,MB_shape_145,"
"MB_146,MB_DAILY,MB_trip_146,MB_shape_146,"
"MB_147,MB_DAILY,MB_trip_147,MB_shape_147,"
"MB_148,MB_DAILY,MB_trip_148,MB_shape_148,"
"MB_149,MB_DAILY,MB_trip_149,MB_shape_149,"
"MB_150,MB_DAILY,MB_trip_150,MB_shape_150,"
"MB_151,MB_DAILY,MB_trip_151,MB_shape_151,"
"MB_152,MB_DAILY,MB_trip_152,MB_shape_152,"
"MB_153,MB_DAILY,MB_trip_153,MB_shape_153,"
"MB_154,MB_DAILY,MB_trip_154,MB_shape_154,"
"MB_155,MB_DAILY,MB_trip_155,MB_shape_155,"
"MB_156,MB_DAILY,MB_trip_156,MB_shape_156,"
"MB_157,MB_DAILY,MB_trip_157,MB_shape_157,"
"MB_158,MB_DAILY,MB_trip_158,MB_shape_158,"
"MB_159,MB_DAILY,MB_trip_159,MB_shape_159,"
"MB_160,MB_DAILY,MB_trip_160,MB_shape_160,"
"MB_161,MB_DAILY,MB_trip_161,MB_shape_161,"
"MB_162,MB_DAILY,MB_trip_162,MB_shape_162,"
"MB_163,MB_DAILY,MB_trip_163,MB_shape_163,"
"MB_164,MB_DAILY,MB_trip_164,MB_shape_164,"
"MB_165,MB_DAILY,MB_trip_165,MB_shape_165,"
"MB_166,MB_DAILY,MB_trip_166,MB_shape_166,"
"MB_167,MB_DAILY,MB_trip_167,MB_shape_167,"
"MB_168,MB_DAILY,MB_trip_168,MB_shape_168,"
"MB_169,MB_DAILY,MB_trip_169,MB_shape_169,"
"MB_170,MB_DAILY,MB_trip_170,MB_shape_170,"
"MB_171,MB_DAILY,MB_trip_171,MB_shape_171,"
"MB_172,MB_DAILY,MB_trip_172,MB_shape_172,"
"MB_173,MB_DAILY,MB_trip_173,MB_shape_173,"
"MB_174,MB_DAILY,MB_trip_174,MB_shape_174,"
"MB_175,MB_DAILY,MB_trip_175,MB_shape_175,"
"MB_176,MB_DAILY,MB_trip_176,MB_shape_176,"
"MB_177,MB_DAILY,MB_trip_177,MB_shape_177,"
"MB_178,MB_DAILY,MB_trip_178,MB_shape_178,"
"MB_179,MB_DAILY,MB_trip_179,MB_shape_179,"
"MB_180,MB_DAILY,MB_trip_180,MB_shape_180,"
"MB_181,MB_DAILY,MB_trip_181,MB_shape_181,"
"MB_182,MB_DAILY,MB_trip_182,MB_shape_182,"
"MB_183,MB_DAILY,MB_trip_183,MB_shape_183,"
"MB_184,MB_DAILY,MB_trip_184,MB_shape_184,"
"MB_185,MB_DAILY,MB_trip_185,MB_shape_185,"
"MB_186,MB_DAILY,MB_trip_186,MB_shape_186,"
"MB_187,MB_DAILY,MB_trip_187,MB_shape_187,"
"MB_188,MB_DAILY,MB_trip_188,MB_shape_188,"
"MB_189,MB_DAILY,MB_trip_189,MB_shape_189,"
"MB_190,MB_DAILY,MB_trip_190,MB_shape_190,"
"MB_191,MB_DAILY,MB_trip_191,MB_shape_191,"
"MB_192,MB_DAILY,MB_trip_192,MB_shape_192,"
"MB_193,MB_DAILY,MB_trip_193,MB_shape_193,"
"MB_194,MB_DAILY,MB_trip_194,MB_shape_194,"
"MB_195,MB_DAILY,MB_trip_195,MB_shape_195,"
"MB_196,MB_DAILY,MB_trip_196,MB_shape_196,"
"MB_197,MB_DAILY,MB_trip_197,MB_shape_197,"
"MB_198,MB_DAILY,MB_trip_198,MB_shape_198,"
"MB_199,MB_DAILY,MB_trip_199,MB_shape_199,"
"MB_200,MB_DAILY,MB_trip_200,MB_shape_200,"
"MB_201,MB_DAILY,MB_trip_201,MB_shape_201,"
"MB_202,MB_DAILY,MB_trip_202,MB_shape_202,"
"MB_203,MB_DAILY,MB_trip_203,MB_shape_203,"
"MB_204,MB_DAILY,MB_trip_204,MB_shape_204,"
"MB_205,MB_DAILY,MB_trip_205,MB_shape_205,"
"MB_206,MB_DAILY,MB_trip_206,MB_shape_206,"
"MB_207,MB_DAILY,MB_trip_207,MB_shape_207,"
"MB_208,MB_DAILY,MB_trip_208,MB_shape_208,"
"MB_209,MB_DAILY,MB_trip_209,MB_shape_209,"
"MB_210,MB_DAILY,MB_trip_210,MB_shape_210,"
"MB_211,MB_DAILY,MB_trip_211,MB_shape_211,"
"MB_212,MB_DAILY,MB_trip_212,MB_shape_212,"
"MB_213,MB_DAILY,MB_trip_213,MB_shape_213,"
"MB_214,MB_DAILY,MB_trip_214,MB_shape_214,"
"MB_215,MB_DAILY,MB_trip_215,MB_shape_215,"
"MB_216,MB_DAILY,MB_trip_216,MB_shape_216,"
"MB_217,MB_DAILY,MB_trip_217,MB_shape_217,"
"MB_218,MB_DAILY,MB_trip_218,MB_shape_218,"
"MB_219,MB_DAILY,MB_trip_219,MB_shape_219,"
"MB_220,MB_DAILY,MB_trip_220,MB_shape_220,"
"MB_221,MB_DAILY,MB_trip_221,MB_shape_221,"
"MB_222,MB_DAILY,MB_trip_222,MB_shape_222,"
"MB_223,MB_DAILY,MB_trip_223,MB_shape_223,"
"MB_224,MB_DAILY,MB_trip_224,MB_shape_224,"
"MB_225,MB_DAILY,MB_trip_225,MB_shape_225,"
"MB_226,MB_DAILY,MB_trip_226,MB_shape_226,"
"MB_227,MB_DAILY,MB_trip_227,MB_shape_227,"
"MB_228,MB_DAILY,MB_trip_228,MB_shape_228,"
"MB_229,MB_DAILY,MB_trip_229,MB_shape_229,"
"MB_230,MB_DAILY,MB_trip_230,MB_shape_230,"
"MB_231,MB_DAILY,MB_trip_231,MB_shape_231,"
"MB_232,MB_DAILY,MB_trip_232,MB_shape_232,"
"MB_233,MB_DAILY,MB_trip_233,MB_shape_233,"
"MB_234,MB_DAILY,MB_trip_234,MB_shape_234,"
"MB_235,MB_DAILY,MB_trip_235,MB_shape_235,"
"MB_236,MB_DAILY,MB_trip_236,MB_shape_236,"
"MB_237,MB_DAILY,MB_trip_237,MB_shape_237,"
"MB_238,MB_DAILY,MB_trip_238,MB_shape_238,"
"MB_239,MB_DAILY,MB_trip_239,MB_shape_239,"
"MB_240,MB_DAILY,MB_trip_240,MB_shape_240,"
"MB_241,MB_DAILY,MB_trip_241,MB_shape_241,"
"MB_242,MB_DAILY,MB_trip_242,MB_shape_242,"
"MB_243,MB_DAILY,MB_trip_243,MB_shape_243,"
"MB_244,MB_DAILY,MB_trip_244,MB_shape_244,"
"MB_245,MB_DAILY,MB_trip_245,MB_shape_245,"
"MB_246,MB_DAILY,MB_trip_246,MB_shape_246,"
"MB_247,MB_DAILY,MB_trip_247,MB_shape_247,"
"MB_248,MB_DAILY,MB_trip_248,MB_shape_248,"
"MB_249,MB_DAILY,MB_trip_249,MB_shape_249,"
"MB_250,MB_DAILY,MB_trip_250,MB_shape_250,"
"MB_251,MB_DAILY,MB_trip_251,MB_shape_251,"
"MB_252,MB_DAILY,MB_trip_252,MB_shape_252,"
"MB_253,MB_DAILY,MB_trip_253,MB_shape_253,"
"MB_254,MB_DAILY,MB_trip_254,MB_shape_254,"
"MB_255,MB_DAILY,MB_trip_255,MB_shape_255,"
"MB_256,MB_DAILY,MB_trip_256,MB_shape_256,"
"MB_257,MB_DAILY,MB_trip_257,MB_shape_257,"
"MB_258,MB_DAILY,MB_trip_258,MB_shape_258,"
"MB_259,MB_DAILY,MB_trip_259,MB_shape_259,"
"MB_260,MB_DAILY,MB_trip_260,MB_shape_260,"
"MB_261,MB_DAILY,MB_trip_261,MB_shape_261,"
"MB_262,MB_DAILY,MB_trip_262,MB_shape_262,"
"MB_263,MB_DAILY,MB_trip_263,MB_shape_263,"
"MB_264,MB_DAILY,MB_trip_264,MB_shape_264,"
"MB_265,MB_DAILY,MB_trip_265,MB_shape_265,"
"MB_266,MB_DAILY,MB_trip_266,MB_shape_266,"
"MB_267,MB_DAILY,MB_trip_267,MB_shape_267,"
"MB_268,MB_DAILY,MB_trip_268,MB_shape_268,"
"MB_269,MB_DAILY,MB_trip_269,MB_shape_269,"
"MB_270,MB_DAILY,MB_trip_270,MB_shape_270,"
"MB_271,MB_DAILY,MB_trip_271,MB_shape_271,"
"MB_272,MB_DAILY,MB_trip_272,MB_shape_272,"
"MB_273,MB_DAILY,MB_trip_273,MB_shape_273,"
"MB_274,MB_DAILY,MB_trip_274,MB_shape_274,"
"MB_275,MB_DAILY,MB_trip_275,MB_shape_275,"
"MB_276,MB_DAILY,MB_trip_276,MB_shape_276,"
"MB_277,MB_DAILY,MB_trip_277,MB_shape_277,"
"MB_278,MB_DAILY,MB_trip_278,MB_shape_278,"
"MB_279,MB_DAILY,MB_trip_279,MB_shape_279,"
"MB_280,MB_DAILY,MB_trip_280,MB_shape_280,"
"MB_281,MB_DAILY,MB_trip_281,MB_shape_281,"
"MB_282,MB_DAILY,MB_trip_282,MB_shape_282,"
"MB_283,MB_DAILY,MB_trip_283,MB_shape_283,"
"MB_284,MB_DAILY,MB_trip_284,MB_shape_284,"
"MB_285,MB_DAILY,MB_trip_285,MB_shape_285,"
"MB_286,MB_DAILY,MB_trip_286,MB_shape_286,"
"MB_287,MB_DAILY,MB_trip_287,MB_shape_287,"
"MB_288,MB_DAILY,MB_trip_288,MB_shape_288,"
"MB_289,MB_DAILY,MB_trip_289,MB_shape_289,"
"MB_290,MB_DAILY,MB_trip_290,MB_shape_290,"
